42.259,-90.184,-29.033,-24.236,-6.695,-12.714,-59.978,26.351,-6.669,-21.409,-25.134,-2.286,1
38.853,-89.929,-35.25,-60.687,-34.59,-18.992,-38.452,-12.844,-18.465,1.724,-11.791,-2.122,1
40.146,-86.345,-39.376,-59.644,-15.095,-22.576,-44.836,11.648,-3.028,-5.498,-4.242,-2.325,1
39.771,-107.903,-67.968,-48.666,-2.874,-29.409,-48.658,-27.948,-0.831,-2.761,-10.282,-7.935,1
39.273,-131.135,-54.458,-45.662,16.745,-38.221,-45.992,-8.489,-4.776,-4.98,1.662,0.765,1
40.138,-105.511,-48.825,-79.08,39.693,-37.163,-51.392,9.908,2.285,-1.837,0.516,2.482,1
41.176,-95.351,-29.226,-51.128,30.864,-31.971,-45.769,-17.726,-18.655,-7.734,15.739,-8.761,1
42.181,-74.057,-28.794,-45.636,2.52,-25.4,-43.156,-6.916,-7.5,-23.962,-0.409,2.387,1
43.623,-59.219,0.6,-52.448,-24.522,-12.657,-28.081,-16.939,-15.336,-26.344,4.54,-0.943,1
43.912,-54.775,-21.059,0.389,-13.484,-22.457,-44.097,-19.455,-20.946,-16.386,-17.399,0.809,1
42.419,-32.75,-13.541,-28.357,-15.046,2.858,-44.399,25.977,-6.555,-30.591,-6.225,1.741,1
38.636,-58.89,-52.235,-66.387,-38.693,-31.144,-37.145,-5.246,-16.536,-1.567,-5.621,-15.438,1
39.705,-47.361,-49.071,-48.917,-33.148,-29.907,-34.025,11.829,-15.886,-13.467,-7.778,-1.083,1
40.3,-98.885,-51.12,-61.338,-1.737,-16.444,-45.385,16.481,-8.706,1.47,-5.849,-2.433,1
37.656,-60.405,-60.775,-76.09,8.827,-33.68,-18.396,-6.09,-17.707,9.84,-5.189,4.741,1
40.184,-71.011,-50.67,-75.877,39.758,-27.503,-32.729,-18.161,-8.727,11.525,3.992,2.394,1
41.588,-79.397,-53.494,-46.72,45.537,-33.022,-42.858,-3.189,-12.771,-13.036,-6.446,3.353,1
41.207,-67.955,-10.236,-71.573,37.163,-34.975,-26.879,3.797,-17.081,-0.914,5.444,17.409,1
43.136,-85.477,-47.39,-41.089,16.49,-47.713,-57.732,-12.889,-10.398,9.951,-1.654,2.066,1
43.697,-82.432,-14.212,-61.548,-6.634,-28.238,-40.196,-4.988,-18.639,-8.256,5.601,-6.136,1
44.53,-66.632,-23.084,-14.565,-12.865,-20.038,-38.838,-6.133,-9.898,-7.631,-9.759,9.194,1
43.353,-70.124,-35.296,-14.638,-6.28,-7.094,-40.31,6.392,-1.755,-18.448,-12.34,8.782,1
40.515,-98.426,-44.923,-53.014,-4.151,-27.081,-37.782,1.37,-9.614,-1.141,-2.682,2.205,1
39.65,-85.461,-32.043,-27.421,-7.074,-23.818,-21.459,2.925,-17.556,-3.046,-2.841,11.843,1
38.517,-94.722,-59.592,-58.265,4.23,-38.942,-27.401,-12.84,-8.574,1.476,0.217,6.624,1
40.253,-104.209,-54.023,-64.776,23.62,-44.602,-38.586,12.049,-7.596,-0.948,-6.321,2.343,1
41.218,-76.426,-44.326,-82.076,12.912,-38.198,-45.506,17.564,-13.003,0.103,5.128,-8.447,1
43.749,30.086,-63.247,-79.067,-19.463,-28.977,-24.193,5.71,-26.567,6.425,8.16,-1.149,1
47.972,78.725,-56.923,-66.027,-1.095,-29.95,-29.435,5.31,-21.968,-4.639,7.697,14.167,1
49.734,97.185,-60.427,-61.407,14.324,-39.086,-42.571,-2.99,-9.825,-1.342,4.815,15.493,1
50.676,47.51,-55.952,6.454,21.881,-24.402,-40.078,1.888,-18.591,15.179,-18.32,7.045,1
47.271,-25.384,-35.752,-53.385,38.141,-23.267,-1.988,-3.366,-11.835,33.911,13.735,2.052,1
47.429,-14.907,-54.621,4.177,42.9,-36.399,-17.182,25.07,-27.712,-29.762,-30.326,4.848,1
46.368,87.323,-77.418,-70.735,53.02,-6.716,-36.914,-30.252,14.632,-31.647,24.147,6.626,1
49.779,26.386,0.818,-37.932,34.465,-27.655,7.375,-0.048,-49.588,-9.924,-2.03,-2.337,1
48.821,10.897,-13.85,31.694,11.778,-11.248,-20.865,-13.072,-30.663,-20.615,-48.788,2.367,1
46.983,21.74,-17.999,-93.814,17.249,4.285,-33.423,5.724,-28.524,-28.336,16.862,-8.983,1
49.725,35.031,-28.504,-13.741,5.312,-31.45,-32.384,-0.521,-37.587,-12.759,-16.523,-3.107,1
46.408,80.523,-90.656,9.365,4.479,-13.256,-63.035,-78.236,1.76,-8.907,-48.39,11.213,1
44.616,28.882,4.057,-97.35,21.573,10.167,-7.353,3.567,-30.032,-13.611,4.218,6.749,1
48.598,49.28,-28.961,-31.699,8.025,-31.283,-24.326,11.017,-43.142,-11.875,-5.418,-9.219,1
46.057,43.779,-64.362,-53.792,-4.221,-31.286,-49.421,-9.503,-23.708,6.25,-9.687,-20.107,1
45.635,30.528,-63.92,-49.448,-3.742,-24.398,-51.751,-6.342,-5.32,-1.61,-24.278,-26.108,1
42.462,-4.979,-79.47,-15.638,-20.525,-23.528,-46.489,-24.179,-7.186,-11.57,-28.652,-14.886,1
41.746,-37.41,-19.974,-58.969,-39.766,-30.212,-21.18,8.551,-16.277,-1.177,6.869,-0.573,1
43.258,-10.646,-50.042,-52.758,-23.507,-34.778,-47.565,0.731,-12.123,-5.828,-1.006,-13.808,1
43.183,-25.96,-56.717,-30.136,-16.696,-20.854,-45.206,-34.311,-9.886,-1.435,-26.626,-10.397,1
46.708,-3.005,-52.634,20.222,33.839,9.562,1.843,-26.99,-0.524,16.838,-10.725,32.299,1
44.826,-9.707,-70.46,-83.883,71.672,19.3,-6.839,-25.031,-3.281,-17.207,19.095,3.097,1
46.808,-4.012,-62.924,-27.467,35.025,-22.776,-31.919,30.561,-29.861,-26.696,-35.406,2.606,1
42.339,31.483,-93.433,-57.633,46.419,-19.435,-20.636,-3.361,-36.578,-7.062,-22.019,13.248,1
46.315,136.026,-76.972,-85.844,22.282,-19.644,-74.565,-37.081,29.999,-9.603,4.283,4.147,1
48.841,85.909,-36.402,-24.137,-22.876,-18.139,-71.587,0.729,-17.164,-13.468,-21.029,-21.182,1
42.796,-20.917,-78.242,-63.04,22.054,-28.911,-45.152,-4.168,-10.618,-2.194,-19.146,-6.129,1
44.833,41.111,-75.933,-67.99,24.138,-21.377,-49.782,-21.778,-6.867,27.101,-2.504,15.132,1
46.39,70.11,-87.639,-72.371,46.831,-16.676,-63.601,-38.105,13.858,-6.294,-1.569,6.885,1
47.883,24.57,-63.262,-21.347,-0.662,-6.712,-69.517,-25.282,-10.302,-10.745,-21.327,-17.725,1
45.069,2.181,-68.179,-49.446,15.432,-27.912,-50.57,-10.141,-12.88,-5.789,-9.727,-2.336,1
48.65,38.675,-43.234,-26.199,34.094,-44.472,-0.646,0.732,-32.173,-15.899,-1.852,17.75,1
48.072,12.848,-16.591,-49.28,17.686,-39.819,-12.835,-0.069,-27.384,-2.499,8.415,14.034,1
49.411,19.541,7.891,-25.933,1.799,-19.396,-18.634,10.443,-23.684,-14.951,-15.145,5.28,1
48.908,21.866,-18.905,-34.986,6.574,-17.622,-6.795,-3.134,-46.181,-15.251,-3.209,13.467,1
47.211,11.669,-60.73,15.261,11.389,-28.914,-22.216,-4.647,-20.335,-7.606,-32.064,18.824,1
46.205,30.968,-11.885,-115.385,15.673,-13.512,-8.785,2.056,-29.458,-12.639,-2.02,-1.491,1
48.564,62.145,-67.313,-47.952,9.333,-19.739,-54.193,-9.123,-15.719,-19.901,-20.23,-12.481,1
47.316,82.186,-41.242,-74.21,-26.635,11.556,-34.351,-2.068,-14.448,-34.504,1.811,-5.799,1
49.002,7.482,32.393,-73.781,5.336,13.314,13.263,3.334,-25.094,10.671,14.905,14.891,1
52.066,73.351,42.093,-14.508,12.577,-21.248,-30.138,18.021,-2.908,4.367,-11.948,5.172,1
47.946,68.383,-27.466,-1.637,-31.704,38.794,-56.197,-19.004,-25.319,-21.205,-48.011,-14.712,1
49.126,99.955,0.248,-101.476,-22.303,11.9,-34.404,-10.066,5.491,-22.603,-0.978,0.168,1
47.716,20.599,-72.454,51.395,29.565,-26.311,-55.424,-19.365,-4.456,-11.577,-38.582,7.016,1
48.345,35.494,18.155,-102.161,49.219,43.426,16.68,-14.951,-20.855,-28.065,5.118,4.736,1
51.812,64.96,17.319,13.895,36.831,-38.402,-0.038,25.495,-32.931,-2.778,-11.124,32.875,1
51.058,51.598,-2.261,-26.511,10.435,-27.03,-40.379,-8.104,-33.417,-1.591,12.741,7.274,1
51.573,95.378,14.956,-36.012,-42.876,-22.436,-78.273,-3.327,-24.936,-26.872,9.897,-19.816,1
52.302,116.952,3.446,-30.847,-37.266,-6.461,-78.662,0.685,-41.652,-10.384,-15.023,-13.907,1
49.985,62.734,-45.689,-16.7,49.163,-10.365,-24.691,-34.676,-34.557,-7.222,-22.126,26.413,1
49.188,12.093,35.776,-79.166,73.03,-24.86,1.026,14.894,-6.598,-2.234,2.524,6.985,1
49.228,21.673,-13.201,-40.514,33.563,-27.415,-4.294,-6.383,-35.866,0.022,0.453,5.879,1
50.363,25.133,30.16,-38.499,12.039,-26.512,-14.894,9.69,-39.712,-12.889,2.194,-14.17,1
50.669,61.342,-0.756,-6.611,3.347,-16.017,-66.167,-1.825,-28.048,-14.571,-16.263,-19.083,1
48.652,103.937,-17.734,-15.581,-9.148,4.753,-58.972,-19.916,-37.456,-36.635,-15.112,-11.444,1
50.254,60.409,33.682,-65.549,4.514,18.391,-26.978,-6.495,-38.54,-3.647,13.453,-6.291,1
49.985,30.449,21.817,-33.04,53.384,-23.968,-25.084,5.727,-12.184,-12.294,-7.15,23.918,1
48.551,-4.867,-19.659,-15.701,37.802,-15.534,-33.242,-14.247,-12.192,-0.226,4.553,9.87,1
47.496,-19.457,-39.236,-39.313,7.557,-30.782,-50.225,7.622,-12.665,-7.748,-9.033,5.198,1
46.917,7.487,-39.514,-50.057,-0.938,-28.483,-34.491,-39.356,-24.376,4.102,-16.033,2.155,1
46.406,9.217,-53.382,-38.363,28.068,-62.062,-16.859,6.208,-8.752,0.125,1.95,14.26,1
46.475,49.14,-57.978,-46.818,30.479,-26.593,8.981,-11.341,-11.733,-26.859,-16.535,14.855,1
44.025,26.065,-53.136,-73.863,-12.924,-8.87,-46.552,0.991,0.377,-16.343,-0.321,-12.782,1
49.791,61.802,-31.697,-59.672,-7.23,33.013,-55.944,-19.895,-4.09,12.141,6.945,-26.376,1
50.986,66.767,-38.387,-41.585,-26.853,-9.929,-88.71,-14.76,2.634,-1.61,-21.098,-12.7,1
45.394,-11.705,-9.651,-24.644,0.505,-22.013,-50.544,-3.202,-28.376,-9.385,-20.101,16.703,1
48.946,25.806,-23.824,-15.003,44.859,-8.019,-23.575,-17.777,-54.281,-10.084,-32.067,6.581,1
46.989,63.875,-41.514,-130.638,39.981,12.177,-12.761,-34.316,-6.254,-47.828,26.729,0.636,1
49.593,21.28,-15.984,-28.028,-5.574,-11.492,-42.918,10.941,-24.976,-13.684,-23.609,14.326,1
49.629,33.437,12.189,-79.891,23.176,-22.262,-23.386,-3.608,-27.473,-2.716,5.223,-18.407,1
48.969,8.246,-35.082,-27.349,-30.304,23.524,-14.779,25.902,-10.171,-21.844,-27.453,7.669,1
53.191,92.932,-45.057,-42.918,-17.549,-2.833,-14.871,-25.653,5.518,-5.916,-14.128,10.403,1
54.536,63.491,-18.171,-21.585,-12.447,-24.39,-2.692,4.212,-9.637,-9.274,-16.39,-0.732,1
51.143,-1.805,-44.805,0.718,19.86,-48.137,26.957,-6.167,0.544,12.363,-3.22,25.154,1
53.517,12.2,-13.965,12.137,11.471,-12.037,2.968,2.997,-24.991,-15.805,-19.682,17.656,1
47.77,-18.623,-23.278,-93.194,13.974,-17.205,7.277,17.38,-3.867,-21.609,10.529,20.578,1
48.371,-9.936,-47.695,24.21,4.47,-32.834,10.362,-2.064,-23.485,-0.438,-11.84,21.065,1
47.112,-4.059,-75.065,40.139,-3.353,-61.56,-17.898,-18.933,-13.493,29.308,-1.441,19.539,1
49.649,-41.67,4.515,-51.785,13.994,-39.835,29.088,15.656,-16.093,9.825,-8.888,21.619,1
50.272,-17.183,-4.934,2.273,-7.15,-31.933,4.731,20.392,5.304,7.034,-21.058,3.534,1
47.217,-32.516,-39.678,-6.23,-28.604,-39.362,0.831,7.647,-16.145,-5.019,-0.343,7.221,1
47.874,36.939,-65.721,-46.852,-20.723,-41.822,-9.275,15.259,-24.942,12.607,-1.204,0.082,1
48.584,16.686,-41.157,-10.24,-21.053,-18.472,-2.599,-0.263,-25.164,24.278,-22.016,-5.186,1
48.921,15.756,-27.168,-68.964,-9.681,-16.476,6.016,16.01,-25.452,4.018,-7.453,-11.299,1
50.126,-7.765,-12.887,-24.069,-14.472,-28.232,3.732,12.398,-16.154,-22.769,-10.973,-11.885,1
47.965,-22.531,-38.209,-20.739,-13.875,-52.929,27.867,14.412,-7.578,-22.199,-2.871,-5.914,1
48.126,16.806,-30.128,-53.682,-34.079,-26.686,25.713,17.449,-19.648,-6.27,-8.885,-5.477,1
49.647,29.382,-43.72,-74.725,-23.946,-9.985,-23.1,-6.694,-13.157,-21.2,-12.572,-8.67,1
52.923,24.459,-38.49,5.999,-15.434,-4.171,-10.668,-27.787,-33.484,4.661,-1.873,-0.43,1
51.924,-4.235,3.843,-0.558,-18.891,-22.276,26.976,-2.472,-28.944,6.336,-13.799,28.523,1
50.875,20.193,-50.76,1.252,37.342,-27.394,28.72,65.888,-30.372,-10.572,-8.702,29.575,1
49.818,63.145,-63.975,-40.203,12.377,11.371,8.82,-40.644,-15.02,32.112,-33.869,30.911,1
50.905,27.893,-23.749,-57.611,14.893,40.236,2.069,3.482,-2.747,14.765,-39.47,1.39,1
46.743,30.755,-82.833,43.887,-35.097,-10.819,-28.393,-54.91,-37.827,22.26,-36.621,-8.517,1
46.074,-29.53,-63.942,-1.379,-3.215,11.836,10.985,-28.736,-34.704,16.337,22.689,0.839,1
48.625,-41.415,-47.527,-29.81,15.327,4.682,8.148,34.419,-27.198,-9.739,-13.642,13.11,1
45.38,-34.556,-77.785,12.664,-13.312,-68.131,-15.696,-2.059,-14.82,6.119,0.88,15.615,1
48.633,-8.928,-35.755,-32.235,5.836,3.142,27.679,-21.35,-18.771,15.038,17.557,6.179,1
50.15,-19.597,-24.771,-45.086,17.243,-37.964,16.661,3.107,-30.829,-2.013,3.049,9.85,1
50.914,-9.322,-10.861,-4.769,-0.804,-29.3,14.079,6.872,-23.649,-4.246,-10.959,-1.466,1
46.737,-51.502,-44.476,-12.246,-19.861,-45.022,-15.619,6.793,-27.844,9.037,-0.941,4.738,1
47.421,-39.025,-42.084,-38.817,-26.181,-32.652,-9.181,2.004,-16.572,0.535,1.476,7.18,1
47.339,-12.013,-51.687,-3.816,-28.409,-47.419,-16.85,-1.612,-6.954,7.224,0.307,4.471,1
48.61,-26.154,-35.566,-8.493,-14.331,-14.044,9.702,-8.552,-39.751,12.005,-13.098,8.115,1
49.224,5.556,-3.552,-60.53,-24.483,-5.92,19.848,17.18,-33.951,-11.052,-6.777,-15.117,1
48.452,-8.947,-61.076,-6.673,20.866,-44.337,-3.739,-23.206,-23.483,14.662,-10.577,-2.737,1
45.959,44.076,-89.37,-80.307,23.704,-49.574,-7.811,69.275,-11.756,-36.16,4.955,0.307,1
49.086,17.483,-6.542,-23.196,1.039,-48.837,26.577,-2.807,-25.914,18.54,-19.816,21.126,1
48.336,20.001,-35.649,-38.214,-27.402,-32.984,25.245,4.264,-18.905,4.989,-8.911,9.204,1
52.171,5.964,0.238,-2.711,-18.303,-20.306,25.786,18.58,-10.208,-7.218,-27.2,-8.252,1
47.877,32.254,-45.521,-8.651,-38.888,-20.464,2.434,-22.755,-14.167,6.832,-12.992,0.573,1
52.273,80.798,-17.127,-61.019,-46.262,5.394,-26.885,-15.726,-8.269,8.183,2.962,-16.77,1
53.064,17.469,13.353,1.136,-27.39,-35.253,-22.362,-13.324,-29.63,-19.499,-11.508,-0.674,1
51.642,17.601,-19.881,38.25,-11.984,-17.179,-16.591,3.151,-42.467,-8.605,-21.408,-1.635,1
49.67,17.133,35.607,-106.107,-27.069,-11.542,20.949,-8.319,-21.26,-4.351,-1.709,-7.746,1
53.77,41.769,32.152,-6.663,-19.065,-18.241,20.731,0.296,-4.475,-5.561,-16.931,14.648,1
52.856,36.324,-0.472,-3.67,-24.508,-11.263,1.417,-17.141,-27.944,14.384,-10.723,-9.97,1
52.793,38.348,5.238,-28.824,-32.305,-24.811,-0.898,34.453,-17.129,-32.912,-5.335,-1.668,1
52.633,36.428,7.012,-35.481,4.708,-6.998,10.547,13.82,0.481,3.392,-6.162,9.936,1
50.023,24.851,-13.318,33.393,-21.201,-14.799,-27.52,-9.451,-27.586,2.919,-47.885,-5.062,1
48.39,-2.488,-9.751,-2.897,-25.641,-55.134,-8.976,26.019,-22.884,-4.827,-9.058,22.267,1
48.156,34.248,0.611,-71.229,-20.199,9.199,18.217,-8.386,-18.26,-11.646,-20.771,5.754,1
52.705,56.113,-1.853,-33.502,-24.936,15.234,-21.721,24.446,-31.121,-2.237,11.98,0.718,1
54.487,57.986,1.45,-19.411,-27.637,-6.465,6.962,9.506,-27.229,23.012,10.46,8.626,1
54.198,80.44,-6.064,-26.454,-23.874,-13.257,17.944,-43.345,-7.452,4.43,-12.155,20.185,1
53.902,29.91,-1.192,-13.313,20.461,-40.914,36.943,10.407,13.573,-10.136,-7.722,15.915,1
53.555,48.237,17.128,-14.197,-2.712,4.3,27.546,20.279,8.369,-20.612,-9.124,4.957,1
50.766,39.376,-1.349,-26.84,-9.213,-46.918,14.472,-4.422,-2.234,19.182,4.398,17.868,1
50.24,62.758,-7.577,17.914,-1.962,-47.843,35.575,-28.344,14.724,14.148,6.805,11.233,1
49.55,40.25,21.973,-28.55,0.358,-26.825,34.068,3.714,6.199,-2.668,-15.199,7.988,1
53.859,45.213,-6.175,-36.734,5.1,-8.109,-11.221,13.474,-3.352,-7.09,0.104,17.994,1
53.572,71.797,14.987,-44.197,4.839,-8.559,10.922,-19.663,-9.008,3.78,-5.706,25.784,1
54.209,54.048,20.958,-28.876,32.145,-21.325,9.945,2.495,-12.329,-12.93,-6.238,12.162,1
53.98,42.697,4.964,-44.212,38.826,-42.594,14.623,15.757,-4.815,-2.123,-2.933,3.75,1
53.27,44.204,0.877,14.451,10.999,-28.819,8.956,15.131,-8.117,-14.65,-27.181,-7.93,1
52.564,46.736,60.539,-57.589,15.503,-15.525,56.297,6.988,-2.868,-3.196,-9.916,-3.65,1
54.446,43.809,-1.881,-36.413,45.583,-40.712,11.655,45.638,2.55,-6.752,-5.476,1.297,1
54.136,56.248,-8.277,-3.256,33.149,-48.668,-9.927,10.472,-11.828,8.729,-4.699,2.901,1
54.907,102.03,-4.506,-26.038,-5.48,-18.176,-13.646,18.691,-22.893,12.572,-13.224,6.254,1
51.488,65.764,-13.022,54.385,-10.483,-1.838,-38.837,32.559,-12.343,3.134,-41.665,-23.696,1
50.411,30.512,37.959,51.799,43.659,22.891,-2.764,-21.882,-31.68,17.514,2.255,25.157,1
53.902,73.251,-12.521,-48.437,-25.773,7.829,-22.712,2.28,-2.139,-15.599,22.92,-29.41,1
50.099,73.744,-42.333,80.862,-14.278,23.62,-25.851,4.76,-12.933,-20.19,-62.215,-3.218,1
45.162,198.861,26.004,-13.244,29.816,64.161,-39.284,-14.23,-42.84,13.326,-37.785,22.641,1
48.0,115.881,-9.488,10.434,15.102,68.871,-34.142,4.841,-27.617,43.859,-49.317,-6.216,1
45.922,110.971,79.494,-73.082,26.388,77.156,-19.516,-53.963,-46.431,45.693,-38.616,2.633,1
46.376,87.81,3.243,8.45,47.763,70.865,19.458,-29.09,-35.71,18.363,-49.599,6.769,1
45.385,45.605,-15.634,103.951,26.189,100.399,-14.699,-6.421,-49.601,25.637,-48.178,27.042,1
47.856,102.709,55.07,-59.59,33.562,85.763,19.057,-45.668,-49.93,3.41,52.873,9.864,1
54.164,10.231,31.094,-2.347,-20.012,-33.711,30.231,11.059,-15.366,14.114,-3.698,-9.031,1
51.824,12.072,-14.256,44.277,-16.122,-24.689,23.549,14.33,3.311,-3.821,-52.974,4.253,1
39.709,110.725,44.826,99.437,5.356,-43.814,0.347,-27.039,-24.298,4.629,-13.013,-2.358,1
41.201,115.153,45.158,-81.403,39.542,87.547,-13.496,36.163,-38.898,-13.852,-49.351,7.871,1
49.589,115.579,-2.477,-66.311,6.473,50.98,6.27,-42.207,-35.169,54.422,-36.045,-8.153,1
50.192,98.188,-8.366,50.43,-23.202,51.47,-33.922,-5.798,-25.9,22.026,-52.643,-0.873,1
42.025,183.18,32.499,-103.629,70.561,25.077,-17.969,-22.484,-40.299,-9.694,-18.462,31.18,1
48.161,94.593,-30.518,68.091,16.05,59.838,-43.346,20.686,-26.478,17.437,-46.92,-8.77,1
45.494,76.787,174.703,-78.99,79.174,45.859,19.081,24.589,-11.03,-10.091,8.991,-0.982,1
48.315,17.303,51.908,83.253,45.326,12.341,-14.89,18.858,-9.136,-29.457,-47.095,18.491,1
45.635,45.808,-41.07,107.898,5.672,8.782,-35.022,-33.582,-50.487,23.453,-17.385,18.946,1
52.159,96.867,41.371,-28.428,10.081,19.197,-8.977,-15.339,-49.971,26.997,21.031,24.726,1
53.189,97.416,72.299,-2.898,4.94,-22.737,-16.362,25.923,-31.35,-23.568,8.306,20.156,1
53.054,128.429,43.665,11.86,24.248,-9.748,-40.129,3.646,-25.685,-18.73,-28.162,12.571,1
51.678,39.18,18.628,-86.946,21.445,-8.715,-8.447,31.889,-19.517,66.094,-1.885,0.1,1
47.024,33.537,-18.238,116.879,-9.002,-75.714,-41.502,2.696,-8.508,-25.404,-37.183,-20.583,1
48.214,63.323,24.318,5.768,73.354,84.42,-5.952,62.304,-26.99,37.682,-20.701,-0.089,1
48.307,123.656,37.108,-88.408,67.105,3.657,5.556,-65.635,-24.165,40.928,-38.293,-16.905,1
51.092,32.676,-6.374,90.967,24.017,21.902,-21.166,1.522,13.734,-6.649,-39.411,-14.183,1
49.561,92.464,15.934,-91.579,8.182,67.212,-13.654,-32.326,-9.359,8.479,4.875,-1.165,1
53.763,39.245,11.691,-15.574,-8.232,-32.643,-9.057,13.659,5.002,-29.099,0.519,-17.03,1
49.827,26.281,-2.261,74.086,5.447,-18.739,-5.84,28.875,-18.076,-17.767,-41.897,-0.886,1
47.536,-38.816,83.677,-50.213,63.881,63.167,61.814,-9.551,-36.746,37.847,7.383,17.707,1
51.101,7.316,55.829,7.641,61.352,-29.31,45.529,6.69,-6.346,-23.734,-8.123,33.01,1
53.597,13.858,20.023,-17.771,3.346,-14.148,35.055,16.562,-15.107,-3.029,21.885,17.877,1
52.371,10.503,-9.771,71.544,3.073,-26.774,13.55,-0.096,15.164,-18.324,-55.407,6.055,1
49.836,60.151,90.701,-46.857,45.26,53.837,46.874,6.843,-34.446,-6.347,-3.135,31.081,1
51.443,25.268,56.497,-54.795,27.005,29.14,46.694,-6.522,-17.028,25.882,-1.957,4.451,1
52.572,35.777,21.913,22.041,-4.932,-38.788,45.082,24.82,0.825,-14.034,-9.695,-0.064,1
47.34,19.1,73.026,96.147,33.247,-64.808,4.882,44.667,-7.536,-23.127,-20.967,14.941,1
38.953,61.743,106.149,85.257,11.67,-78.477,36.123,-53.42,-30.008,42.971,-6.511,35.378,1
44.808,83.639,148.085,-81.609,26.154,32.54,42.807,47.04,-41.323,-26.73,-25.746,35.534,1
51.911,108.928,15.273,-38.476,3.603,17.587,5.96,-13.501,-43.14,36.931,-12.539,8.08,1
52.984,91.334,4.835,51.612,13.163,-23.689,-26.755,28.49,-5.245,9.19,-44.681,-12.33,1
46.702,197.935,53.063,-61.966,36.37,27.178,-2.198,-24.176,-50.726,26.728,-23.906,26.061,1
53.27,98.627,5.051,6.005,26.337,-9.152,-45.242,49.885,-6.082,45.202,-2.495,-23.389,1
45.409,91.201,17.86,7.359,30.318,-55.513,-80.912,7.487,-23.666,31.525,4.531,-2.354,1
45.234,204.48,7.059,-51.315,45.733,-14.61,-39.135,41.027,9.918,-4.819,-8.428,-18.289,1
41.661,216.358,-18.59,143.844,25.425,-37.066,-37.187,-10.568,-18.359,-22.998,-49.261,25.346,1
27.396,143.453,105.027,-0.093,29.85,-30.645,-58.361,7.491,-26.685,10.582,9.788,-30.89,1
48.898,99.463,-93.961,6.312,8.889,-1.167,-53.126,-18.674,-4.336,42.416,-15.928,4.017,1
49.446,95.656,-55.268,-87.395,15.78,32.298,12.175,10.659,9.901,13.739,33.846,9.715,1
51.837,75.077,-50.156,-58.13,18.441,-35.605,-26.139,-5.201,18.714,16.259,1.587,41.119,1
53.125,46.494,-27.729,-41.519,45.049,-11.576,-30.435,-3.744,16.106,17.437,6.132,21.203,1
53.669,28.884,-14.099,-36.13,19.373,-42.108,-14.964,20.656,-6.397,-2.817,1.708,44.112,1
53.541,88.307,-43.517,-34.06,28.673,-41.185,-27.789,-19.155,4.615,10.965,-6.333,45.868,1
55.299,60.02,-14.574,-8.347,17.838,-54.665,-12.002,-1.462,-0.95,0.407,2.054,37.582,1
53.748,61.276,-22.343,-42.321,-7.552,-37.451,18.551,17.019,3.272,0.516,-13.652,25.064,1
54.677,50.057,12.423,-33.748,2.168,-37.394,19.685,9.696,-3.813,15.76,-9.07,19.34,1
54.532,53.974,31.701,-14.59,41.636,-37.846,12.877,9.942,-5.603,-19.733,1.371,8.17,1
54.368,74.742,38.334,-23.821,38.315,-36.249,3.9,-9.079,-18.334,8.82,-8.918,18.69,1
55.899,53.027,7.449,-1.1,10.422,-51.703,11.187,-4.521,2.677,5.111,-21.894,7.358,1
51.764,11.6,4.184,-28.792,-13.219,-37.822,22.15,-0.819,3.487,6.234,-11.941,-9.998,1
52.916,-0.936,12.334,-28.218,-17.308,-39.393,-1.609,3.703,-20.411,-7.095,-1.543,-8.837,1
53.641,4.641,-0.29,-23.041,-3.16,-52.159,-6.605,-9.314,-24.323,9.89,6.288,-9.888,1
54.147,39.051,13.701,-33.013,-2.418,-28.433,-18.482,6.13,-22.914,-9.65,-0.826,4.548,1
55.097,40.742,27.755,-22.293,24.003,-35.821,-8.304,8.251,-22.782,6.416,9.58,0.978,1
55.545,60.395,1.809,-31.042,34.123,-32.543,-15.066,10.904,-24.741,-15.863,0.294,3.17,1
55.966,59.074,14.843,-0.107,28.394,-43.723,-14.638,-4.276,-8.085,10.814,-2.611,31.096,1
54.42,53.893,-6.28,-49.083,15.467,-55.056,12.738,7.584,4.582,22.707,-6.156,21.429,1
55.113,56.213,19.182,-19.111,28.735,-33.927,10.318,10.732,12.85,4.792,-9.943,13.613,1
53.823,89.983,66.024,-1.487,67.924,-11.599,-7.466,2.019,-13.473,-11.813,12.816,6.367,1
53.865,79.675,-14.729,-34.992,-32.28,-22.506,-36.529,-8.529,-20.641,-8.444,-4.147,-6.158,1
55.116,63.621,3.331,-28.164,5.963,-7.159,2.238,13.05,-18.602,-12.99,-12.646,12.352,1
54.55,86.274,-31.195,-42.354,-16.788,-18.199,-19.512,10.633,-10.844,12.683,-18.319,13.348,1
51.773,45.413,-31.978,-53.062,-18.592,-30.412,-15.844,1.129,4.336,13.271,-9.739,28.219,1
52.632,21.637,-28.643,-35.308,9.502,-33.647,-19.526,-12.309,1.922,1.373,-0.599,34.797,1
51.36,38.57,-34.098,-7.682,31.805,-47.937,-25.022,-10.225,0.211,8.434,-12.342,46.221,1
52.727,9.016,3.215,-35.6,53.829,-14.641,-3.448,-15.862,-0.23,18.57,30.592,22.237,1
53.497,11.643,0.931,-23.398,30.653,-40.453,-15.117,12.752,-2.643,-10.492,2.858,31.238,1
53.388,54.683,-39.216,-43.124,49.186,-37.794,-33.995,-4.702,17.019,-10.022,-4.933,3.233,1
55.29,80.221,8.151,-16.981,19.049,-17.027,-15.436,8.437,5.984,9.504,20.604,15.406,1
55.024,72.014,-4.075,-27.406,5.778,-33.768,-10.423,-4.048,-5.997,-0.005,-9.846,20.884,1
54.088,61.557,2.567,-36.813,7.382,-26.379,6.084,-6.222,3.216,19.647,1.475,3.964,1
55.19,43.52,32.538,-23.61,8.312,-39.496,17.793,9.771,7.866,3.876,-9.928,-9.146,1
54.877,50.618,50.783,-0.586,37.078,-32.015,-5.246,-11.507,-5.105,17.845,-3.211,3.464,1
54.239,75.281,43.466,3.66,54.406,-39.411,-33.539,-5.029,-9.503,-8.552,7.875,-2.488,1
53.864,63.045,98.225,-2.941,58.044,-22.213,-26.698,9.976,-13.62,-0.749,-4.499,10.243,1
54.972,87.212,65.333,-11.901,40.83,-31.451,-10.379,-15.829,-16.666,5.75,-8.815,7.545,1
56.628,61.107,20.843,-6.789,12.202,-47.298,-2.038,2.533,-4.239,2.009,-13.839,18.59,1
54.925,36.543,-2.167,-18.384,-14.577,-43.301,-4.236,10.37,-4.971,-4.766,-13.797,1.973,1
52.708,50.355,-0.718,-43.261,-26.989,-25.665,-32.222,-1.377,0.247,3.902,-10.939,-31.723,1
55.286,44.664,22.057,-31.089,-3.754,-28.122,2.457,2.512,2.967,5.633,-5.961,-1.474,1
55.66,61.97,23.016,-4.605,8.244,-32.356,-11.271,6.147,3.828,-4.22,-16.713,12.58,1
54.875,75.001,19.763,-19.351,28.244,-1.395,-52.164,-12.984,9.483,20.747,0.717,-15.46,1
55.381,47.368,12.45,-22.305,16.273,-24.567,-27.25,-22.062,-8.302,-0.91,-8.456,4.071,1
55.998,63.686,21.768,-11.518,6.422,-39.684,-36.826,-1.749,1.149,6.45,-24.214,-0.654,1
52.969,66.466,-6.263,-53.693,-6.423,-17.911,-61.628,6.524,9.108,-8.815,-12.965,-20.235,1
54.22,91.856,6.337,-6.253,32.994,15.437,-28.039,9.863,-12.968,22.71,-16.904,3.4,1
53.087,88.967,-9.023,-46.277,-12.399,8.401,-18.598,-2.111,-16.539,52.625,14.21,-24.036,1
53.848,48.247,-15.607,-37.762,5.315,-31.381,-59.974,-12.209,14.821,12.614,-7.758,-33.045,1
54.224,75.827,-23.552,-40.828,-4.703,-41.507,-60.374,-16.962,16.545,5.596,-6.885,-32.619,1
49.072,25.927,-35.586,31.655,-13.708,-95.965,-43.489,16.684,9.375,16.758,-21.772,-5.93,1
48.46,12.047,-42.638,46.179,-16.633,-93.034,-11.137,-1.089,12.324,37.937,-14.443,-2.361,1
48.086,1.016,-55.752,37.713,-20.311,-102.761,-21.054,5.292,31.133,42.526,-18.7,-0.521,1
49.986,6.149,-48.459,18.438,20.169,-81.03,-10.06,-4.01,22.605,23.755,-13.56,-0.966,1
45.659,35.359,-65.483,-13.235,-14.878,-41.133,7.502,-14.016,18.575,0.929,-31.06,33.637,1
50.713,51.833,-3.137,-140.725,42.455,-18.06,27.363,3.829,7.189,32.186,4.754,4.329,1
56.186,100.319,-0.886,-15.256,5.139,-34.132,46.298,10.721,41.09,0.49,-15.938,34.073,1
54.264,92.733,-17.298,4.857,-11.881,-29.346,24.315,10.284,-7.751,-21.957,5.958,16.749,1
53.442,192.895,92.678,34.414,3.127,-30.668,-7.723,-14.15,-15.973,-14.737,-2.639,-30.357,1
52.915,137.763,111.922,26.632,58.156,-13.008,-27.466,3.986,-16.479,17.647,16.456,-1.208,1
51.712,164.461,142.35,33.573,60.314,-16.873,5.06,11.77,-28.024,10.75,4.355,19.263,1
53.267,98.014,36.64,1.041,7.522,-17.231,35.814,-8.856,-22.177,49.032,-4.879,24.812,1
52.876,47.724,-24.679,1.109,13.651,-34.45,28.216,-3.207,16.923,5.217,-28.998,11.857,1
54.595,106.562,40.649,18.625,34.74,-32.643,-15.819,24.19,4.051,1.471,9.667,-24.008,1
50.989,138.825,59.683,33.732,58.172,-13.796,-51.652,-25.351,-3.908,0.826,-39.811,-22.131,1
47.47,-6.612,-6.59,-4.707,19.112,-31.31,-26.59,-11.012,-36.432,16.696,27.352,19.389,1
53.008,38.374,-23.191,-11.208,6.252,-37.041,10.448,-8.743,-21.75,4.599,-24.167,11.545,1
52.239,91.39,28.075,76.222,51.193,-45.795,-31.887,11.583,6.721,-6.132,-26.847,22.135,1
40.519,96.184,51.331,92.036,50.308,-1.792,1.245,-22.463,-30.517,3.994,18.545,30.01,1
50.679,41.75,-11.779,-35.34,29.04,21.403,46.416,8.21,0.565,54.02,59.456,5.874,1
53.116,58.156,13.72,-17.502,6.199,-33.995,33.782,15.459,3.443,-3.599,-15.564,14.713,1
53.763,67.609,-1.927,1.238,-4.174,-5.898,-9.034,13.666,3.741,-9.004,-18.599,-10.049,1
52.4,54.433,-40.557,-5.026,-24.981,0.558,9.779,-22.219,-11.208,5.663,-28.024,4.146,1
54.036,53.998,8.7,-52.588,-42.697,-13.561,19.826,1.096,-14.403,11.144,-11.465,-25.609,1
51.557,55.166,-28.177,16.171,-10.869,13.146,35.24,10.075,-16.349,-22.506,-34.246,17.133,1
52.722,151.639,89.813,4.98,21.514,27.562,-8.062,15.192,-30.758,6.895,33.87,-28.263,1
52.639,123.838,89.644,47.252,43.71,6.446,-38.068,-7.55,-34.011,3.474,-21.746,1.57,1
52.159,131.239,100.691,0.199,52.277,30.754,-26.464,15.196,-32.001,-7.454,33.068,-11.227,1
50.744,130.863,81.742,60.704,55.341,-31.938,-20.764,19.855,-32.113,-5.249,-28.791,-9.319,1
51.221,86.088,-85.882,-59.391,34.843,-76.897,32.42,12.354,-46.312,0.387,-9.452,-10.287,1
52.756,101.697,-22.62,-40.248,-12.714,-29.79,20.807,11.27,-9.357,0.585,-9.131,3.281,1
53.984,134.235,11.29,-22.054,9.912,-36.241,-10.164,-7.123,-6.374,-4.333,-13.421,-14.266,1
41.071,-74.86,37.731,-135.754,22.961,18.88,-11.671,36.236,-25.79,-32.288,8.122,-30.256,2
40.607,-14.47,-31.154,20.85,2.705,3.688,-20.283,-19.852,-57.164,-37.306,-28.525,6.573,2
45.024,48.251,-1.149,1.276,-59.007,-7.229,-68.164,-5.407,-46.755,-22.259,-13.068,-15.865,2
39.888,-29.956,-28.994,-32.909,74.345,-10.584,-1.478,-0.247,-27.73,3.518,-30.94,-2.657,2
34.105,31.959,-111.693,-20.811,16.418,-30.355,-16.771,-101.261,-9.902,-13.456,-46.802,18.932,2
38.394,-27.607,-3.322,-160.835,23.781,-10.05,-15.657,-39.289,29.207,3.124,37.881,-5.955,2
43.948,-8.781,57.339,53.363,78.388,-29.028,-15.73,-5.679,1.107,-1.608,-21.911,16.139,2
43.523,-15.051,63.672,19.529,89.591,-13.712,44.28,23.412,-20.561,-3.721,10.984,16.01,2
40.005,-49.54,15.53,30.057,59.528,-26.806,35.128,10.549,-23.398,-8.668,-40.976,17.873,2
14.214,114.384,-68.285,168.392,15.614,-109.167,-51.83,40.637,-20.961,-14.628,-17.655,7.439,2
2.271,165.11,43.638,-21.304,30.834,-27.113,10.756,6.768,-65.378,-5.114,-27.856,-16.15,2
24.555,-4.037,45.514,-332.98,31.749,84.427,18.557,22.757,-61.848,95.545,28.963,-5.315,2
40.824,51.197,68.515,-89.967,12.308,101.873,-10.883,6.932,-12.267,16.562,27.541,7.226,2
40.546,-29.106,57.812,-66.013,1.716,-7.32,14.396,27.837,-27.963,-13.495,-14.025,-15.152,2
38.361,-42.547,5.199,-35.434,-1.426,-25.41,16.152,0.135,-14.916,-5.986,-19.712,-1.729,2
43.379,-9.166,50.64,-94.269,40.86,22.161,25.136,12.644,-6.459,-16.048,14.457,8.069,2
46.997,61.189,120.87,47.113,66.893,-9.751,16.128,-2.587,-13.6,-9.396,-26.095,21.975,2
42.378,25.309,-8.483,55.632,33.804,-34.887,-11.586,-33.39,-12.197,-14.488,-25.689,14.537,2
45.057,23.519,43.539,-32.656,39.131,-16.294,-6.923,24.922,-46.016,-15.579,10.423,-0.344,2
44.687,66.071,-2.948,1.871,6.325,-26.983,-22.008,19.359,-22.579,7.654,3.976,4.996,2
45.134,49.471,-1.317,-1.21,5.601,4.031,-12.051,-46.057,-20.225,15.254,-23.408,6.609,2
41.707,-51.164,15.055,-18.933,42.52,-16.09,-31.282,-15.059,-1.041,-14.315,-3.407,16.203,2
41.896,-8.875,42.628,40.761,53.367,9.971,-5.84,17.757,-25.482,-30.043,-31.946,-1.047,2
43.119,38.944,35.866,-89.399,65.452,38.547,-3.053,-11.717,-9.116,-0.341,17.468,0.139,2
44.467,64.512,40.282,60.915,56.174,-16.362,-46.056,19.959,-19.939,7.607,-45.7,25.542,2
37.018,163.432,-56.669,-9.263,97.072,-29.754,-45.979,-25.452,1.586,-21.887,-32.189,17.922,2
43.65,80.242,13.095,-27.108,55.267,76.038,-18.506,-38.443,-16.385,16.293,19.147,-4.337,2
38.952,-28.978,16.509,102.246,25.149,-7.046,-24.002,-7.415,-6.609,-10.915,-73.222,15.503,2
24.076,-96.403,55.526,5.402,79.326,-44.718,23.596,8.734,-9.333,-1.234,-10.678,11.0,2
24.099,40.201,-11.061,-27.03,23.601,-44.866,-16.118,7.973,-26.446,-24.441,16.178,12.243,2
24.81,93.909,48.198,-36.525,4.834,-21.402,-17.482,17.63,-35.951,-21.604,6.42,6.163,2
25.187,105.693,73.072,38.928,-0.98,-2.882,-3.889,-11.145,-60.735,-20.056,-33.438,12.274,2
22.085,-84.051,9.202,-57.793,24.251,-14.191,-3.186,14.674,-37.424,-9.401,8.752,18.823,2
40.159,-54.736,102.379,-131.304,25.919,93.762,13.562,27.062,-48.156,7.802,18.358,-4.136,2
46.46,81.177,19.6,40.547,-29.821,13.582,-87.263,-9.074,-16.153,-28.795,-37.574,-28.394,2
42.899,146.594,-53.933,-39.786,48.731,-1.399,-61.347,5.972,-24.271,26.555,-19.585,15.469,2
45.959,71.831,14.975,36.683,39.712,59.517,-26.652,-17.095,-41.261,51.96,-33.189,12.713,2
39.323,-66.621,-58.193,-38.209,13.742,-53.193,-22.176,0.282,-37.17,-3.023,1.462,9.39,2
41.863,-46.663,17.737,-61.578,-13.023,-3.608,-12.03,40.616,-50.47,-36.013,-0.571,0.045,2
37.747,61.551,-19.786,-75.05,37.294,-16.053,-51.165,44.336,0.615,15.685,2.596,12.121,2
39.255,58.788,-53.147,-35.648,52.371,-19.319,-4.3,-83.874,-17.562,34.021,-33.451,33.102,2
36.642,-49.449,-23.214,-58.521,68.811,-37.861,4.971,25.535,-2.829,-14.829,2.355,24.191,2
44.081,59.967,43.42,-106.42,53.417,23.751,11.528,-42.589,-2.159,-57.027,32.574,1.512,2
47.581,89.948,27.542,43.151,-44.242,-4.213,-86.377,-10.97,-24.489,-34.562,-43.581,-33.234,2
45.559,-10.487,38.172,2.693,29.491,21.353,-14.093,3.778,-21.659,13.419,-31.209,14.056,2
41.702,10.765,-6.269,-28.168,-17.646,-44.95,-10.728,-6.233,-61.129,-9.933,-4.328,-0.218,2
44.164,-42.37,-18.768,-11.861,5.23,-21.188,-16.324,16.154,-55.6,-23.405,-12.033,-3.756,2
41.048,63.781,-32.862,-54.524,-4.12,-3.273,-28.011,-68.157,-16.201,-5.508,-23.717,-6.357,2
39.288,-76.224,-8.188,-50.609,-6.261,-32.026,-24.247,7.486,-16.505,-3.194,4.496,0.591,2
42.387,-39.199,19.209,-11.891,-12.658,-18.065,-9.003,12.993,-24.278,10.407,-24.487,-1.615,2
37.688,-91.61,3.262,-46.628,20.149,-30.666,23.624,-13.23,-25.12,-2.858,-6.466,14.66,2
39.447,-73.311,3.87,24.849,11.293,-3.34,10.806,23.778,-7.631,-24.01,-13.828,-1.21,2
32.333,-61.236,32.35,-16.278,31.254,-37.686,45.051,17.365,14.015,-21.063,-18.335,-4.887,2
33.078,-79.534,57.856,-11.511,36.932,-42.341,39.971,18.756,4.499,1.692,-5.971,-7.335,2
32.459,-67.498,64.678,23.386,25.619,-44.848,36.51,17.731,-8.602,-5.603,-5.457,8.865,2
28.585,-79.248,56.362,29.799,38.724,-37.826,45.202,9.544,-5.81,-7.759,-20.929,-1.869,2
23.768,40.689,60.394,-45.098,34.177,-38.162,16.196,49.083,-5.537,-11.396,14.209,-17.258,2
26.076,122.626,32.704,51.95,48.049,-13.215,16.159,-16.52,-19.1,-18.057,-45.79,9.45,2
29.991,-60.114,42.519,-273.198,27.492,-22.473,31.141,-16.647,-15.644,60.936,73.057,-1.602,2
45.764,137.41,-12.4,12.869,-8.693,-1.799,-107.514,37.594,-16.875,-12.749,-21.915,-25.35,2
42.935,112.256,4.892,-67.767,67.534,12.831,-17.548,-115.31,-42.169,18.767,-27.72,20.282,2
40.029,69.778,-28.923,-26.761,75.248,-41.046,-45.27,-29.616,-3.94,-18.016,10.225,9.652,2
44.754,36.201,5.089,7.303,-2.913,29.071,-18.753,-6.104,-21.91,-4.707,-10.081,-3.451,2
43.98,149.876,-35.396,-33.809,125.201,-43.45,-23.085,7.95,-2.093,-17.045,22.756,30.551,2
45.041,42.932,10.221,-3.574,29.966,-8.71,-11.048,-55.929,-36.489,39.239,-23.708,18.551,2
43.804,-39.94,36.787,6.051,41.977,-11.631,9.502,-1.098,7.692,-12.351,-23.623,27.75,2
42.616,-51.68,60.918,-92.246,69.718,-37.596,2.718,4.613,-22.582,4.171,17.829,-1.155,2
47.064,2.874,62.788,9.725,72.976,-34.665,15.174,-0.752,15.759,-9.272,-21.263,24.587,2
41.434,-32.628,-32.869,-30.795,68.792,-31.744,6.388,-3.239,-26.331,-9.692,-1.953,24.201,2
44.442,43.525,-21.385,-86.62,65.312,9.275,1.348,-45.41,-15.253,-28.198,-11.186,-2.146,2
44.93,85.062,-54.214,-52.437,60.357,-4.76,-18.605,-74.733,-2.757,-15.578,-15.695,13.749,2
47.029,-3.346,24.445,-0.324,-16.559,-4.188,-24.99,-2.695,-13.664,-28.705,4.225,-2.246,2
42.338,-54.194,19.316,-30.525,20.843,-3.952,-1.281,8.403,-3.924,-19.408,-19.209,18.78,2
40.082,-48.863,12.607,18.412,41.274,-28.198,8.351,12.017,-2.268,-16.456,-8.39,13.451,2
36.989,15.401,61.58,0.755,65.563,-33.848,48.67,-0.468,-44.448,-13.937,-2.61,5.207,2
37.172,-22.726,55.241,20.206,38.707,3.931,48.92,1.287,-22.948,-21.695,-34.391,-0.748,2
31.85,-75.812,94.524,-4.522,48.239,-49.485,62.749,3.625,-15.557,0.015,-5.863,-8.318,2
31.497,-74.896,90.436,43.493,34.972,-47.235,58.569,19.095,-11.785,-4.854,-11.207,-8.878,2
28.604,-78.946,64.634,56.125,43.261,-36.983,42.365,21.89,-16.783,-20.019,-29.108,-1.277,2
41.687,-5.28,19.943,-28.771,44.37,109.183,10.919,-1.99,4.879,33.44,69.596,-10.901,2
41.945,6.231,-22.424,29.892,-10.595,-8.69,-23.699,-31.228,-49.441,-20.788,-36.848,-12.286,2
39.135,10.977,-25.505,-43.762,27.099,-18.471,-18.579,106.876,9.694,-2.424,6.769,21.741,2
41.159,-20.254,12.35,-129.928,52.368,-10.373,2.53,15.81,-14.537,-1.043,-7.372,6.54,2
44.149,121.999,44.931,12.039,79.702,8.919,-18.66,-68.086,-24.664,17.021,-48.156,-2.206,2
45.075,-9.065,61.765,51.278,73.035,3.808,-8.755,6.262,-6.899,18.164,1.009,19.676,2
40.111,-21.959,58.344,-88.856,44.301,9.614,-26.041,6.769,-19.374,-14.083,-27.329,10.051,2
44.307,-10.068,45.808,3.082,53.757,-42.138,21.479,4.577,-15.199,-7.719,4.246,20.358,2
44.761,5.358,65.39,-17.251,59.691,-39.625,29.47,15.393,-39.438,-0.102,-0.554,9.031,2
45.036,24.106,24.187,52.36,44.916,-31.074,12.042,-15.348,-57.598,-15.66,-37.557,4.464,2
35.008,-28.759,84.967,24.98,45.106,-38.734,35.119,0.803,-21.462,-6.239,-7.44,16.253,2
43.651,-8.397,40.313,0.915,0.75,50.359,14.03,1.156,-30.639,-7.584,28.146,-28.129,2
41.552,-14.47,-15.588,18.962,-13.346,-36.587,8.154,-15.669,-48.418,-10.073,-11.914,6.477,2
40.157,13.973,-45.933,-68.512,23.269,-49.196,-21.564,83.249,-17.604,3.559,15.134,7.951,2
44.377,73.979,-26.326,-76.253,22.76,11.398,-12.277,-88.848,-28.541,18.225,-27.65,-16.275,2
45.221,-19.696,70.083,-0.135,55.0,-36.056,-23.161,1.216,23.366,11.504,-14.763,-10.165,2
45.848,43.655,66.195,-15.994,59.291,-10.01,3.313,12.135,-3.491,31.963,7.312,17.583,2
44.5,-5.621,53.686,57.763,43.473,-61.528,-25.461,19.306,-45.149,14.64,-10.633,-19.845,2
45.414,-7.464,88.353,-2.822,68.561,-8.802,2.8,22.64,11.932,5.83,7.676,17.673,2
45.13,-3.48,47.102,20.008,61.483,-18.581,-22.837,-7.077,4.293,-7.218,-20.641,21.444,2
43.097,-5.538,12.455,-47.951,44.549,-34.535,-19.708,-0.723,-21.117,-3.23,-0.469,-0.774,2
45.106,86.225,52.92,-26.865,26.713,-17.126,-35.778,-16.109,24.829,-4.022,5.546,14.512,2
47.285,22.706,58.932,13.882,38.917,-50.801,-18.688,-0.311,11.67,6.183,5.109,21.202,2
44.381,-12.508,35.943,47.083,11.607,-19.405,5.521,-8.236,-23.996,-11.992,-40.111,5.909,2
39.297,-25.51,21.512,-4.49,67.717,-38.602,54.035,4.41,-10.523,-12.81,-17.14,-13.424,2
44.727,-3.689,57.263,9.369,27.806,40.044,38.32,0.332,-1.403,-13.776,-3.049,-0.907,2
40.105,6.059,19.71,-2.533,-15.256,-34.478,-25.75,57.167,-39.75,-14.058,4.089,2.55,2
43.347,47.438,52.372,-82.995,62.106,25.62,-4.335,-34.714,-38.717,25.554,-17.565,-4.763,2
43.485,69.864,17.459,32.065,50.875,-47.906,-26.598,-64.984,-23.854,17.642,1.826,-25.961,2
47.961,70.796,9.38,-40.742,34.862,-4.043,-51.055,-31.672,-32.311,33.902,15.292,-2.298,2
48.013,80.109,55.292,30.168,-8.345,4.034,-53.743,-35.311,-40.533,-13.073,-44.277,-15.106,2
44.605,27.325,40.674,-63.369,26.0,11.797,-35.346,33.198,-31.693,-27.979,-14.508,-32.388,2
46.964,63.803,-3.072,-17.397,47.833,-3.865,-0.794,-74.76,-30.855,0.705,-11.272,-11.53,2
39.771,-74.582,22.832,7.82,5.544,-42.56,8.815,23.054,-20.394,-21.533,17.597,23.077,2
39.037,-31.104,80.266,0.03,18.31,-35.365,32.826,-0.597,-14.354,-3.978,-6.185,-4.858,2
40.436,-58.151,64.236,-14.087,17.047,-38.787,38.857,6.58,-14.576,-8.25,-5.771,-2.97,2
45.196,-10.748,10.126,-4.148,18.551,17.782,19.481,-25.887,-3.165,-24.01,-8.744,-3.332,2
47.062,22.234,19.039,-16.611,54.51,-26.097,14.506,-18.912,-11.624,13.477,-23.272,1.939,2
45.302,15.611,46.436,-16.58,37.532,-27.121,-2.15,3.141,15.03,1.484,7.023,12.068,2
43.974,0.595,19.951,58.653,13.44,-2.431,-14.228,-6.099,-19.744,-18.151,-60.527,7.135,2
44.872,85.181,-8.185,-54.303,-17.458,25.71,-34.81,-22.923,-51.489,11.293,11.266,-19.286,2
46.188,9.576,28.384,-24.946,-15.088,-11.765,-23.098,-11.818,-32.178,-5.33,3.069,-1.453,2
46.352,-6.749,5.045,-32.118,0.705,-30.653,-33.766,-1.298,-28.215,-13.33,4.538,-5.592,2
48.346,60.274,-9.134,-5.606,43.101,3.152,-10.936,-8.231,-0.255,-42.271,7.095,-0.188,2
44.426,10.103,30.209,-21.893,26.839,-34.132,8.51,-5.003,1.017,8.408,-6.85,4.878,2
46.667,-8.004,24.571,-38.651,51.07,-22.21,8.65,-0.649,-1.485,-14.912,-13.665,10.52,2
48.27,-27.402,22.551,-39.358,27.91,-37.131,3.508,-0.785,-11.325,1.118,2.594,8.894,2
50.456,-8.161,40.813,-10.349,57.85,-56.958,12.257,-6.287,-10.369,2.551,12.435,-9.818,2
51.728,20.654,55.568,-2.869,63.471,-39.113,2.665,33.117,8.627,16.589,-14.84,5.405,2
49.898,-5.605,10.961,19.662,28.104,-45.282,14.098,18.397,5.009,12.565,-23.821,-2.5,2
50.086,36.405,8.547,13.235,33.961,3.906,26.858,1.433,-8.608,24.853,-0.257,5.406,2
45.255,70.158,32.401,-15.283,8.095,-36.93,44.635,44.99,17.557,-11.263,-11.911,8.182,2
49.853,31.52,37.704,-18.042,54.243,-4.264,8.057,-19.581,-29.042,35.887,2.6,3.502,2
50.098,-8.96,52.841,5.318,22.49,-21.965,34.219,14.787,-10.865,-15.873,-12.244,11.254,2
49.597,45.427,19.285,-25.256,49.575,-37.645,-22.826,-44.137,-25.561,1.411,12.341,-8.925,2
50.633,5.696,39.223,11.501,19.671,-53.05,23.623,17.836,-16.532,3.821,-3.559,-3.911,2
49.114,44.611,20.652,4.226,33.773,-35.643,-11.004,-6.724,-31.962,-0.002,-12.139,0.415,2
48.597,4.364,-0.21,24.453,2.743,-49.131,11.015,11.069,-0.303,32.487,-22.512,-20.005,2
48.278,40.544,31.298,7.865,77.754,-16.01,40.919,-27.54,-24.487,31.03,6.574,-0.602,2
48.56,-11.071,18.255,18.296,7.328,-56.774,38.251,21.224,-13.582,4.398,-6.779,-6.15,2
47.41,21.056,41.127,-5.405,59.717,-27.249,47.855,2.457,-1.873,-18.747,-6.499,-22.299,2
49.0,46.972,31.54,16.813,53.702,-39.999,-8.802,-17.596,-14.65,9.541,4.731,-0.182,2
47.143,-0.438,3.811,0.198,42.436,-20.891,15.604,17.198,-3.068,-15.755,-3.403,-14.45,2
47.091,71.145,-4.992,-37.513,35.312,-23.067,3.664,-25.105,-22.031,-26.509,-4.649,9.858,2
50.243,23.352,36.363,-13.526,33.248,-17.749,-2.637,10.129,-0.921,8.607,6.98,-29.152,2
49.67,60.855,27.766,23.607,59.392,-22.104,-25.569,-15.236,-4.825,-7.84,-24.844,-28.519,2
48.752,-4.65,22.813,42.498,10.85,-32.686,24.285,6.906,1.277,33.335,-10.926,-16.115,2
48.095,13.472,13.169,39.65,52.374,10.542,25.46,15.383,-16.619,-0.507,9.961,-18.654,2
42.197,70.69,-25.686,9.197,25.872,-35.964,49.423,-20.334,-14.56,0.356,-15.561,-36.633,2
46.469,56.418,2.213,-45.92,12.864,11.56,-14.891,-16.324,-17.101,9.9,17.384,-5.033,2
47.728,34.159,-9.569,-45.15,-25.6,-26.746,-43.656,-11.911,-16.357,8.153,14.784,-29.173,2
49.124,58.121,-17.15,-26.323,-5.864,-29.124,-37.732,-28.701,-23.808,30.607,-6.823,-10.332,2
49.353,25.732,44.854,-10.144,20.365,-34.233,16.323,12.062,-16.42,-23.893,-7.332,4.569,2
47.049,1.367,11.849,29.819,5.705,-54.042,22.287,22.543,-14.281,11.351,-31.075,-10.701,2
46.388,47.62,27.289,-9.68,68.676,-19.994,6.12,-25.735,-3.959,57.961,-9.797,-23.154,2
49.321,-5.109,48.112,-23.815,24.985,-14.978,37.95,9.052,-4.26,12.805,-0.407,-12.534,2
50.13,25.365,37.343,36.286,54.434,-17.386,35.881,-6.97,-29.172,-17.871,-27.402,7.068,2
49.528,4.783,31.135,-32.506,36.985,-7.076,8.351,29.93,-2.304,-1.024,29.61,-22.767,2
48.566,36.958,11.152,-3.309,12.648,-31.745,14.895,17.916,-13.036,-10.549,-23.551,-14.083,2
48.67,-0.749,-5.4,41.869,30.447,-13.393,9.647,22.92,2.615,37.858,-25.774,-5.743,2
48.784,26.608,17.211,18.989,71.211,-2.571,21.398,-2.362,-8.753,54.379,-8.619,3.67,2
45.055,17.01,-20.259,-17.809,-7.543,-54.938,26.101,9.897,9.482,35.993,3.699,3.62,2
46.041,60.871,-3.985,-19.624,7.091,-49.277,44.426,-20.475,-20.308,5.381,-2.543,3.89,2
50.398,30.244,58.593,5.715,56.776,-22.11,7.353,-10.826,-20.297,19.761,2.305,1.145,2
49.631,11.22,55.634,6.335,14.571,-46.984,30.585,-2.043,-4.833,18.96,-17.223,3.559,2
49.569,29.588,44.969,-21.045,37.632,-27.049,-14.293,-18.939,-5.609,-23.65,-2.089,-6.885,2
50.485,18.567,36.167,-2.342,22.808,-31.343,15.549,17.088,-25.905,4.654,-1.133,3.6,2
48.585,41.868,14.958,-19.982,56.141,-4.452,26.398,-5.013,-7.599,70.172,-26.808,-2.783,2
48.478,34.036,49.792,-5.256,51.153,-0.091,42.594,-21.42,-5.646,5.724,-27.846,-2.066,2
47.868,24.334,34.901,1.795,0.431,-53.481,36.458,4.027,-6.124,22.264,6.317,-12.421,2
48.746,35.622,48.942,10.168,59.889,-44.447,-5.826,-11.196,-0.239,14.927,12.71,-4.22,2
48.482,13.666,5.665,-1.275,18.119,-67.154,10.898,13.984,-12.609,10.376,-11.076,-13.29,2
47.99,67.468,4.125,-19.377,27.159,-23.63,-2.572,-28.342,-28.882,-5.361,-10.089,2.341,2
49.646,28.519,31.384,-31.093,6.854,-17.628,10.241,11.326,1.073,14.481,-4.868,-20.747,2
49.204,61.205,26.935,2.859,44.137,-22.789,-9.327,-12.283,-1.911,-15.986,-12.967,-21.102,2
48.828,-9.137,44.923,38.531,14.222,-33.68,10.493,16.76,6.794,24.303,-12.037,-11.592,2
47.19,24.882,42.788,0.101,56.515,26.561,41.561,-4.893,-10.096,-0.113,-7.524,-2.367,2
44.252,26.3,16.83,-13.315,-27.625,-74.057,34.281,35.963,-33.311,-2.663,-15.166,-1.844,2
47.45,60.863,-26.549,-20.164,7.97,-8.888,-7.402,-14.389,-39.034,1.083,11.157,-0.521,2
47.779,34.877,0.98,-55.336,8.502,-19.344,-49.441,1.575,-22.226,23.913,0.589,-22.585,2
48.044,29.863,8.831,-36.277,32.361,-27.723,-60.402,-0.47,-0.542,3.157,-2.047,-12.678,2
48.93,41.253,24.714,-37.704,1.6,-30.884,-28.328,-2.724,-6.687,1.749,2.989,-22.479,2
49.55,45.364,73.141,45.114,53.386,-28.395,16.513,2.006,-5.089,-0.948,-9.013,-8.464,2
46.321,-5.743,19.235,37.851,30.401,-38.847,30.728,9.803,-12.762,29.337,-8.119,-12.962,2
46.27,44.293,29.423,-5.091,66.194,-45.672,12.452,-24.058,-13.255,46.863,-6.769,-19.503,2
49.062,14.974,39.572,-25.648,31.934,-9.328,27.998,5.259,-15.157,5.03,10.917,-4.339,2
49.358,37.592,52.838,25.557,52.508,-32.011,15.55,-5.429,-23.106,1.065,-18.524,8.694,2
49.168,40.436,26.145,-14.586,44.103,-34.433,4.683,-2.305,-28.926,19.63,8.98,-20.54,2
47.913,44.137,14.614,-12.861,10.915,-38.111,10.579,14.497,-22.402,2.744,-2.253,-24.845,2
47.098,146.138,-18.376,-43.202,50.651,-46.655,-24.135,-35.898,-29.226,5.698,-15.005,8.113,2
49.26,3.647,-18.395,12.156,31.833,0.794,10.198,-11.612,-37.77,-4.255,-24.378,21.349,2
45.702,17.489,-20.592,-1.791,33.172,-35.385,-21.302,-29.327,-4.583,7.846,-8.829,15.399,2
46.527,9.101,-8.339,-37.288,44.379,-26.066,-1.346,4.5,-6.496,2.514,10.267,-14.555,2
45.701,85.196,-38.024,-42.736,49.56,-47.28,-21.276,47.05,-12.077,-24.606,-10.582,2.956,2
47.473,20.822,-45.132,35.666,23.308,-11.258,-25.997,-17.335,-16.161,3.462,-44.882,-2.861,2
44.345,1.563,-23.131,-37.464,35.545,30.006,12.105,-29.821,-19.331,-19.781,-8.315,10.678,2
45.401,-13.356,-8.075,-7.678,-24.492,-39.14,-5.191,14.857,-26.748,2.303,-18.04,-14.838,2
42.282,-1.262,-43.82,7.477,5.322,-42.029,-21.74,-32.355,-29.846,14.207,-7.472,-10.477,2
41.439,10.397,-93.523,-83.195,41.373,-32.365,-19.276,17.869,-8.5,-36.314,-0.586,-4.151,2
47.586,17.698,-39.219,-28.028,45.16,29.505,18.022,-17.074,-19.504,13.644,-7.768,-6.848,2
46.372,45.754,8.941,13.945,18.778,-11.232,-7.734,-33.621,-22.564,9.668,-16.244,38.604,2
47.431,44.711,-35.135,-15.348,74.488,9.73,-21.843,-21.367,-3.181,-32.026,0.237,-4.064,2
45.512,129.477,-66.065,-55.668,64.31,-50.158,-33.507,17.533,-17.302,-20.091,2.474,13.033,2
46.546,77.979,-49.096,-34.368,10.322,0.947,-3.349,-56.51,-21.207,3.969,-36.4,5.2,2
47.864,64.011,-39.885,-55.413,60.509,-28.372,-12.723,-11.268,-19.3,-16.076,14.474,-3.606,2
49.019,-5.486,46.887,-8.828,47.847,-28.196,14.107,18.602,10.301,9.135,-27.027,-0.151,2
46.811,65.029,24.759,-79.586,21.15,-18.334,-34.926,4.089,-14.673,-2.69,-1.628,-3.167,2
48.701,28.035,-10.574,29.806,-6.319,-25.107,-28.33,-14.067,-1.921,25.723,-48.239,-15.486,2
46.482,78.419,21.843,-45.729,79.264,-20.041,10.791,-57.336,-9.438,22.525,-30.128,-1.621,2
48.273,2.95,-4.519,-15.722,39.103,-54.676,-4.19,1.816,8.736,5.246,-17.357,-33.319,2
47.629,17.205,35.673,-12.818,62.662,-35.69,1.704,-3.93,8.067,-5.283,-10.461,-29.372,2
48.337,10.543,28.214,-16.012,41.433,-9.493,-2.029,-18.364,11.798,17.195,-2.394,-18.113,2
49.375,35.622,46.26,-24.943,80.371,-9.131,15.153,-27.087,16.505,-15.349,-3.009,-2.932,2
50.999,6.09,39.174,-18.599,33.776,-38.817,3.925,9.819,28.842,14.297,-10.482,-21.663,2
51.255,47.986,53.719,6.296,63.543,-29.343,10.843,0.378,34.087,8.233,-22.269,-6.564,2
49.317,5.522,16.511,15.396,30.599,3.408,4.783,2.546,1.021,-6.443,-24.497,-18.875,2
46.638,59.781,39.229,-50.554,44.95,-24.924,-14.905,-0.282,1.792,-18.045,-13.018,-15.59,2
49.415,14.405,33.849,-22.819,23.467,-29.99,2.235,6.606,-16.722,10.523,-10.096,-2.801,2
49.31,59.199,31.098,16.637,49.297,-46.979,26.293,10.945,-6.901,-4.358,-21.742,-4.488,2
47.242,32.908,-5.579,64.299,40.659,-6.105,7.331,2.383,-17.238,33.834,-36.467,-15.696,2
42.672,126.581,-20.257,-60.9,69.307,3.834,-15.939,1.609,21.465,-18.771,13.646,-11.296,2
46.659,57.749,19.612,-33.15,34.714,-24.61,-39.67,-44.06,-23.927,12.341,3.221,-9.761,2
49.193,61.117,39.231,-23.423,44.665,-39.694,10.81,42.101,11.398,13.784,-0.844,-7.129,2
48.594,25.93,5.763,-27.716,32.523,-5.38,2.194,-3.251,-44.777,1.805,-41.384,23.096,2
47.569,31.919,15.955,-7.485,16.378,-32.59,-15.956,-5.373,1.724,9.337,7.323,21.996,2
46.451,23.411,-4.544,-26.591,27.085,-43.716,-31.102,-25.856,21.927,9.62,-1.199,14.427,2
47.736,27.222,17.925,-0.531,5.371,-9.269,-19.985,12.785,-7.837,-2.426,-21.931,7.839,2
45.147,-1.786,9.533,-8.504,-23.943,-0.687,-33.021,10.572,-27.229,-12.799,-28.996,-20.703,2
43.025,21.499,-56.913,-9.1,2.665,-15.021,-20.85,-27.336,-17.709,-3.487,-4.719,1.619,2
47.425,19.953,-28.366,-32.898,22.605,53.29,1.601,-7.827,-26.088,-4.886,-14.207,-16.932,2
47.134,72.4,-21.659,-44.655,50.3,-35.08,-6.256,38.169,-40.167,-45.423,3.994,11.541,2
49.059,26.727,23.819,-14.128,-6.268,-38.404,-32.343,8.621,-27.775,24.538,-3.38,-33.452,2
47.052,8.496,23.201,-0.241,34.776,-17.632,-21.505,-29.196,-3.14,-1.55,-24.253,28.91,2
48.023,30.167,25.246,-2.341,-15.559,-7.947,-27.035,14.761,-15.643,-7.35,-6.735,-17.556,2
47.077,35.502,5.227,-21.193,14.755,-13.607,-39.961,-45.529,-24.109,-9.625,-8.76,-19.574,2
49.21,-2.824,27.835,-20.995,14.819,-40.233,-0.743,37.851,-2.484,-12.186,8.349,1.948,2
49.444,35.487,15.701,-32.46,79.189,-33.339,-16.57,-0.869,-17.881,-6.256,5.021,5.927,2
49.06,60.885,9.403,-13.131,95.253,-37.885,10.389,17.552,-29.124,3.832,-18.517,10.162,2
48.411,52.408,31.969,8.692,61.804,-7.643,-18.139,-28.363,-25.396,37.138,-8.549,-6.355,2
48.947,-12.932,-2.556,19.429,12.347,-51.132,10.795,1.62,-0.008,26.152,4.158,-12.642,2
47.895,37.098,34.102,-3.342,59.923,-48.096,20.391,2.337,18.748,8.228,0.336,-24.686,2
47.762,21.465,64.402,-28.507,51.796,-25.887,6.863,5.172,26.9,5.47,-17.394,-3.487,2
49.589,19.514,14.341,12.586,34.993,-18.977,18.059,-10.15,11.986,11.556,0.256,-7.002,2
49.64,64.209,48.365,-21.766,87.968,-37.117,10.004,-24.039,7.262,24.685,-12.273,-2.937,2
50.715,4.188,39.975,-22.508,46.965,-40.57,25.339,19.18,23.864,6.626,3.519,-13.639,2
51.129,59.893,59.875,15.432,62.806,-41.299,-0.576,-8.335,13.822,16.24,-15.518,-10.061,2
49.751,8.409,20.605,23.595,-3.211,-17.807,10.75,-10.962,-42.098,26.844,-29.405,-2.363,2
46.13,93.591,-23.972,-35.509,37.107,-17.31,-31.663,22.473,-20.48,-42.335,8.641,-4.867,2
48.022,81.865,-25.231,-47.376,35.846,-39.542,-61.894,-2.893,-38.973,-7.002,7.076,-18.418,2
49.575,61.221,19.265,-26.724,52.187,-35.342,-10.822,-25.625,-19.582,19.752,-11.923,-8.89,2
47.837,59.446,-29.483,24.48,29.398,3.463,-8.304,37.34,-36.932,37.157,-50.241,-11.815,2
45.257,104.516,-23.974,-66.874,33.181,-4.406,-20.992,-79.855,-22.253,32.009,-5.759,-4.344,2
50.256,21.756,16.375,-24.002,16.711,-17.866,7.761,14.12,13.795,9.875,-0.144,0.541,2
49.939,48.894,32.012,2.055,37.592,-36.399,12.349,12.39,7.05,-0.272,-10.233,17.881,2
51.277,34.273,6.954,-23.56,26.872,-21.491,-7.705,12.868,-47.75,7.196,16.138,-10.419,2
51.159,81.566,27.342,-7.518,28.474,-21.23,-38.478,-5.124,-18.508,-20.795,-7.962,-5.768,2
49.374,77.49,10.161,-10.428,53.289,-19.98,-5.137,-40.941,-28.134,-5.641,-13.287,-5.709,2
49.963,51.366,15.536,-32.618,-8.94,-22.518,-35.334,3.202,-22.341,-8.35,2.551,-20.644,2
50.205,39.438,35.581,-40.719,11.677,-26.79,-46.71,19.208,-30.306,-3.109,8.427,-14.696,2
51.653,77.035,-2.157,2.412,41.943,-26.854,-35.558,-1.943,-11.532,-7.457,-16.835,0.057,2
49.712,21.071,29.944,-30.613,68.228,-24.501,7.578,-19.665,-20.058,24.596,-12.324,23.535,2
50.18,53.393,6.935,-27.285,63.482,-60.384,4.202,-3.505,-5.428,9.707,10.272,8.333,2
51.042,40.363,12.402,-14.887,8.989,-24.488,-24.211,6.731,-17.9,12.794,-6.711,-12.246,2
49.815,7.773,22.867,-21.276,10.394,-14.072,-15.744,-15.729,-12.023,17.903,-7.052,5.533,2
49.696,11.531,36.373,-39.215,34.134,-28.893,-7.855,68.504,-0.939,6.566,-14.776,28.429,2
47.513,65.305,-17.449,-35.133,31.158,-15.534,-5.791,-29.416,-9.411,12.551,-18.01,-4.139,2
46.336,-19.992,-11.989,13.392,2.56,-12.284,-3.537,-18.992,6.992,14.09,2.753,-36.359,2
45.356,13.083,4.487,-26.858,46.949,-29.5,14.131,9.018,14.672,-8.64,-1.56,-35.356,2
44.482,2.065,20.516,-6.02,62.963,-27.635,31.916,17.8,21.864,-5.795,-10.673,-12.034,2
47.113,6.936,12.944,33.85,43.122,0.841,10.563,-13.889,6.437,18.979,-15.201,-14.346,2
47.258,37.559,46.57,-13.605,99.06,-17.159,29.18,-4.543,22.223,-36.775,-8.92,-9.661,2
49.295,25.259,44.048,-28.403,55.337,-36.853,3.88,24.551,40.126,12.46,-0.737,-18.955,2
46.894,1.037,-24.001,56.48,3.108,17.101,-0.898,6.258,-14.744,6.623,-37.618,-3.119,2
43.03,115.434,-10.887,-92.64,25.472,-0.064,12.19,-74.178,3.082,-25.215,2.414,-16.16,2
49.225,24.105,36.473,-18.453,42.072,-17.306,3.346,17.263,4.385,5.697,-9.954,-6.986,2
46.187,22.89,-20.932,39.491,37.294,9.662,-1.978,8.537,-10.688,7.529,-41.033,-21.648,2
44.547,97.656,-16.221,-73.209,57.45,2.424,-2.054,-53.859,14.674,-9.039,6.894,-5.348,2
49.87,23.194,34.803,-21.417,23.846,-22.054,24.296,18.679,3.446,8.402,-1.339,-0.319,2
51.445,63.613,64.622,50.655,37.8,-20.063,-12.373,0.56,-10.081,-12.2,-18.059,-6.272,2
48.784,19.91,26.849,-6.146,19.954,0.191,13.432,9.941,-23.987,24.971,-8.549,0.324,2
51.446,46.082,50.955,-6.15,66.482,-4.569,1.132,3.182,-35.925,-2.409,10.325,8.301,2
51.004,15.839,50.233,-31.477,42.62,-5.463,31.725,4.417,-8.282,-9.602,-8.906,12.151,2
46.594,61.119,5.557,3.357,78.326,-28.291,3.493,4.405,-17.299,-27.892,-18.214,-4.161,2
52.073,11.462,40.765,12.772,6.623,0.103,16.523,6.324,-33.104,2.381,-2.463,-18.215,2
48.748,23.159,17.061,10.042,47.469,-4.455,16.348,-20.802,-9.483,-26.08,-21.048,8.378,2
52.45,49.489,43.698,12.116,19.871,-6.321,12.958,27.663,-33.424,19.945,-3.737,-0.924,2
51.498,-0.576,66.275,12.672,44.646,-9.462,35.728,15.447,-8.061,1.743,0.07,-13.459,2
50.729,34.338,22.428,-18.685,32.801,-29.715,-8.582,24.314,-2.548,-13.572,-3.146,5.018,2
49.452,-1.877,14.218,24.642,27.811,-20.56,3.263,2.539,5.213,13.957,0.686,-3.214,2
46.98,11.094,-15.431,-30.54,-27.588,-23.406,-52.638,0.182,-28.194,8.843,-5.575,-22.036,2
49.452,18.854,25.157,-31.431,18.288,12.361,-11.214,-25.035,-27.189,8.462,2.776,-8.587,2
49.984,-22.705,41.222,9.187,18.236,-53.937,26.159,3.991,0.71,7.583,-8.585,-8.104,2
49.044,21.475,45.278,18.685,54.404,-39.384,39.459,-23.457,-18.239,-23.14,6.23,-4.184,2
48.554,6.411,32.12,3.351,39.478,-32.609,38.433,-6.94,-18.193,-20.012,-14.854,12.538,2
49.525,-17.767,39.313,1.108,24.981,-23.808,30.027,3.888,-9.445,8.52,12.237,0.319,2
48.263,36.4,34.406,22.988,54.17,-23.493,-3.823,-22.014,-28.364,12.153,-19.036,12.126,2
46.953,-27.526,-7.002,13.607,-13.879,-20.792,4.029,-20.672,5.033,26.672,6.296,-28.702,2
44.916,18.245,-7.532,26.135,22.21,-47.671,32.37,-42.007,-0.578,10.245,-12.825,-21.286,2
45.13,2.642,17.756,-55.633,15.802,-27.32,-22.137,5.479,-11.541,26.522,-4.058,-19.112,2
47.697,10.435,-14.237,-37.676,-22.545,-65.17,-45.749,8.935,-13.031,13.158,-16.215,-42.146,2
49.304,-1.072,2.238,-3.67,50.685,-32.486,-15.851,-28.319,-29.18,11.262,-6.529,10.635,2
